{
    "L1 Min":0.824999999999999955,
    "L1 Max":0.875,
    "L2 Min":0.872999999999999998,
    "L3 Max":0.927000000000000046,
    "L3 Min":0.872999999999999998,
    "L2 Max":0.927000000000000046,
    "D3 Min":1.16399999999999992,
    "D3 Max":1.23599999999999999,
    "D4 Min":1.16399999999999992,
    "D4 Max":1.23599999999999999,
    "D5 Min":1.746,
    "D5 Max":1.85400000000000009,
    "D6 Min":1.746,
    "D6 Max":1.85400000000000009,
    "D7 Min":2.42499999999999982,
    "D7 Max":2.57500000000000018,
    "D8 Min":0.872999999999999998,
    "D8 Max":0.927000000000000046,
    "D9 Min":1.16399999999999992,
    "D9 Max":1.23599999999999999,
    "APOS Min":2.85000000000000009,
    "APOS Max ":3.04999999999999982,
    "ANEG Min":-3.04999999999999982,
    "ANEG Max":-2.85000000000000009,
    "DPOS Min":-1,
    "DPOS Max":0.5
}