{
    "VSP1 Min":13,
    "VSP1 Max":11,
    "VSP2 Min":13,
    "VSP3 Max":11,
    "VSP3 Min":13,
    "VSP2 Max":11,
    "L1 Min":0.824999999999999955,
    "L1 Max":0.875,
    "L3 Min":0.872999999999999998,
    "L3 Max":0.927000000000000046,
    "D5 Min":1.746,
    "D5 Max":1.85400000000000009,
    "D6 Min":1.746,
    "D6 Max":1.85400000000000009,
    "D3 Min":1.16399999999999992,
    "D3 Max":1.23599999999999999,
    "D8 Min":0.872999999999999998,
    "D8 Max":0.927000000000000046,
    "APOS Max ":0.5,
    "ANEG Max":1,
    "DPOS Max":0.5,
    "APOS Min":-1,
    "ANEG Min":-0.5,
    "DPOS Min":-1
}