{
    "L1 Min":0.824999999999999955,
    "L1 Max":0.875,
    "L2 Min":0.872999999999999998,
    "L3 Max":0.927000000000000046,
    "L3 Min":0.872999999999999998,
    "L2 Max":0.927000000000000046,
    "D3 Min":1.16399999999999992,
    "D3 Max":1.23599999999999999,
    "D4 Min":1.16399999999999992,
    "D4 Max":1.23599999999999999,
    "D5 Min":1.746,
    "D5 Max":1.85400000000000009,
    "D6 Min":1.746,
    "D6 Max":1.85400000000000009,
    "D7 Min":2.42499999999999982,
    "D7 Max":2.57500000000000018,
    "D8 Min":0.872999999999999998,
    "D8 Max":0.927000000000000046,
    "D9 Min":1.16399999999999992,
    "D9 Max":1.23599999999999999,
    "Load APOS Min":2.79999999999999982,
    "Load APOS Max ":2.89999999999999991,
    "Load ANEG Min":-2.89999999999999991,
    "Load ANEG Max":-2.79999999999999982,
    "Load DPOS Min":-1,
    "Load DPOS Max":0.5,
    "UUT APOS Min":3,
    "UUT APOS Max":3.25,
    "UUT ANEG Min":-3.25,
    "UUT ANEG Max":-3,
    "UUT DPOS Min":-1,
    "UUT DPOS Max":0.5,
    "ANEG Temperature Max":100,
    "APOS Temperature Max ":100,
    "DPOS Temperature Max ":100,
    "ANEG Temperature Min":0,
    "APOS Temperature Min":0,
    "DPOS Temperature Min":0
}