{
    "VSP1 Min":0.824999999999999955,
    "VSP1 Max":0.875,
    "VSP2 Min":0.872999999999999998,
    "VSP3 Max":0.927000000000000046,
    "VSP3 Min":0.872999999999999998,
    "VSP2 Max":0.927000000000000046,
    "L1 Min":1.16399999999999992,
    "L1 Max":1.23599999999999999,
    "L3 Min":1.16399999999999992,
    "L3 Max":1.23599999999999999,
    "APOS Max ":1.85400000000000009,
    "ANEG Min":2.42499999999999982,
    "DPOS Max":0.927000000000000046
}